Type,Object
domain,businesswithukraine.com
domain,flagofukraine.com
domain,globalukraine.org
domain,ukrainelive.org
domain,ukrainianfriends.eu
domain,westandwithyouukraine.org
domain,stotukraine.nu
domain,ukraineunites.us
domain,saveukrainiankids.org
domain,ukrainiansunflowers.org
domain,returntoukraine.org
domain,3dprintingforukraine.com
domain,ukraineriseup.io
domain,netherlandsforukraine.org
domain,peace4ukraine.net
domain,forukrainewithlove.org
domain,jobsforukrainians.org
domain,supports4ukraine.org
domain,rebuild-ukraine.org
domain,ukrainealliance.org
domain,unityforukraine.org
domain,ukrainehelpers.org
domain,ukrainianhoodie.store
domain,ukrainefreedomconvoy.info
domain,ukrainianpresidentsaysthatrussianin.uk
domain,love-ukraine.xyz
domain,ukrainehelp2022.org
domain,godsaveukraine.org
domain,cincy4ukraine.org
domain,nijmegen4ukraine.nl
domain,ukrainian-canadian-support.com
domain,ukrainiangifts.shop
domain,help-ukraine-people.online
domain,helpukrainenow.online
domain,ukrainelink.org
domain,ukrainianbookclubs.org
domain,ots4ukraine.com
domain,ukraineapparel.com
domain,cryptosaveukraine.org
domain,ukrainechildrensaidfund.net
domain,playforukraine.xyz
domain,ukrainianvictory.org
domain,ukraine-hilfe-thueringen.de
domain,letusfeedukraine.com
domain,help-ukrainians.org
domain,rotaryukraine.org
domain,give2ukraine.org
domain,helpheroesofukraine.com
domain,saveukraine.cloud
domain,ukrainiangifts.store
domain,ukrainianvictoryvodka.net
domain,wereukraine.org
domain,ukrainianalliance.org
domain,ukrainerussia.eu
domain,ots4ukraine.org
domain,ukraineunderground.org
domain,saveukraine.company
domain,ukrainianglory.org
domain,molotovsforukraine.net
domain,ukukraine.uk
domain,we-support-ukraine.org
domain,theworldforukraine.com
domain,nzhelpukraine.com
domain,buyukrainian.net
domain,ukraineatwar.info
domain,ukraineon.eu
domain,ukrainianventures.com
domain,gearforukraine.com
domain,kyivukraine.org
domain,usasupportsukraine.com
domain,ukraineundivided.com
domain,ukraineapparelshop.com
domain,artists4ukraine.online
domain,standup4ukraine.org
domain,ukrainealive.com
domain,ukrainesupport.xyz
domain,jetzt-spenden-ukraine.org
domain,todayweareallukraine.org
domain,fightforukraine.info
domain,helpukrainenow.de
domain,istandwithukraine.world
domain,ukraine-sos.de
domain,ukrainelifeline.co
domain,hostforukraine.com
domain,patch4ukraine.com
domain,goslarhilftderukraine.com
domain,helpinghandukraine.com
domain,unitedhelpukraine.net
domain,ukrainesupportaid.org
domain,ukraine4freedom.org
domain,ukrainefrance.eu
domain,ukrainians-in-berlin.eu
domain,ukrainehumanitarianfund.eu
domain,rebuildukraine.cn
domain,help-ukraine-win.today
domain,ukrainevolunteers.com
domain,helpsupportukrainians.com
domain,strongukraine.global
domain,russiainvadesukraine.org
domain,indianukrainewarfake.news
domain,supporukrainenow.org
domain,saveukraine.blog
domain,hireaukrainian.org
domain,sunflowerukraine.com
domain,ukraineonline.xyz
domain,tuftshelpukraine.xyz
domain,youkraine.world
domain,supportukrainehub.net
domain,lastmileukraine.eu
domain,ukraineatwar.org
domain,packtheplanetoukraine.org
domain,medicalvolunteersukraine.org
domain,occupyukraine.com
domain,donations-ukraine.online
domain,ukrainianrecovery.org
domain,ukrainefreedomnow.org
domain,shelterukraine.org
domain,saveukrainetshirt.com
domain,goteamukraine.com
domain,jewishukraine.tours
domain,donationforukraine.live
domain,nlforukraine.org
domain,madeinukraine.online
domain,returntoukraine.world
domain,ukrainianvictory.com
domain,powerupukraine.com
domain,power2ukraine.com
domain,ukrainiansinireland.com
domain,ukrainecrisisfund.com
domain,ukraine-help-center.com
domain,unifiedukraine.com
domain,savetheukraine.com.ua
domain,ukrainefriends.xyz
domain,prayforukraine.life
domain,jobsforukrainians.co.uk
domain,ukraineonline.co.uk
domain,theworldforukraine.co
domain,nationalbankofukraine.credit
domain,now-in-ukraine.info
domain,voicesfromukraine.eu
domain,ukraineinfo.be
domain,saveinukraine.com
domain,weareukraine.world
domain,ukraine-hilfe-bochum.de
domain,saveukraineshirts.com
domain,war-in-ukraine.com
domain,techstandswithukraine.io
domain,buyonlyukraine.com
domain,cincy4ukraine.com
domain,weareallukraine.org
domain,russiaukrainenews.tk
domain,stuckinukraine.net
domain,ukrainetechcollective.org
domain,solforukraine.org
domain,rebuildingukraine.org
domain,saveukraine.pro
domain,helpforukraineislington.org
domain,razoforukraine.org
domain,help-ukraine.pm
domain,solforukraine.auction
domain,slavaukraine.beer
domain,arms2ukraine.com
domain,lastmileukraine.org
domain,ukrainelive.online
domain,ukraineit.fun
domain,refugees-ukraine.org
domain,staywithukraine.eu
domain,railwayhelpsukraine.org
domain,geeks4ukraine.org
domain,ukrainianbookclub.org
domain,ukrainesf.org
domain,razomfoukraine.org
domain,vppukraine.org
domain,ukrainedefense.org
domain,makeukrainefreeagain.com
domain,euro-ukraine.com
domain,ukrainecontact.xyz
domain,howukrainecanwin.org
domain,ukrainepravda.ru
domain,ukraineaid.eu
domain,artistforukraine.eu
domain,chicagostandswithukraine.org
domain,now-in-ukraine.media
domain,ukrainedonate.finance
domain,wehelpukraine.website
domain,helpukraine.news
domain,stopwarukraine.co
domain,voicesfromukraine.net
domain,wesupportukraine.tk
domain,saveukraine.shop
domain,helpforukraineislington.com
domain,jobforukraine.dk
domain,lastmileukraine.com
domain,nehelpukraine.com
domain,studentsforukraine.de
domain,reliefforukraineians.com
domain,ukrainetoprague.com
domain,togethersaveukrainians.com
domain,ukrainewar22.com
domain,ukrainengo.com
domain,ukrainianshelp.com
domain,ukraineex.com
domain,ukraine-circus.com
domain,razomaidukraine.org
domain,inukraine.press
domain,helpsaveukrainians.eu
domain,soukraine.com
domain,loveukraine.care
domain,helpukrainianspeople.com
domain,ukrainedonation.net
domain,roannais-ukraine.fr
domain,chabadhelpukraine.org
domain,helpukraine-nft.com
domain,ukraine-drkherten.de
domain,artistforukraine.com
domain,ukrainestaff.com
domain,fightlikeaukrainian.com
domain,holland4ukraine.com
domain,ukrainelegion.com
domain,returntoukraine.com
domain,praywithukraine.com
domain,stop-war-in-ukraine-2022.com
domain,solforukraine.com
domain,ukraineforward.com
domain,ukrainerebuild.com
domain,ukrainians.tv
domain,upukraine.com.ua
domain,standwithukraineclub.com
domain,ukrainevictoryvodka.com
domain,webuildbackukraine.com
domain,warsawcoordinationcenterforukraineaid.com
domain,ukrainereports.org
domain,ukrainediaspora.com
domain,ukrainians-in-berlin.de
domain,freeukraine.radio
domain,volunteersforukraine.net
domain,ukrainefdi.com
domain,ukraine-support-swf.de
domain,project-ukraine.com
domain,ukaction4ukraine.co.uk
domain,aidonsukraine.com
domain,weareukraine.net
domain,jewishukrainetours.com
domain,kids4ukraine.com
domain,jobsforukraine.dk
domain,helpsaveukraine.club
domain,helpukraine.net.ua
domain,ukrainenft.vip
domain,westandbyukraine.com
domain,saveukrainiansky.info
domain,saveukrainians.live
domain,myhelpukraine.org
domain,ukraine-konflikt.net
domain,rebuildingukraine.eu
domain,heroofukraine.io
domain,givetohelpukrainian.online
domain,newcastlestandswithukraine.org
domain,wereukraine.at
domain,weareukraine.nl
domain,ukrainespende.de
domain,sosanimals-ukraine.eu
domain,sauver-ukraine.com
domain,ukrainer-in-berlin.com
domain,ukraineplan.com
domain,ukraineape.com
domain,ukrainengos.com
domain,ukrainewarriors.com
domain,wishesforukraine.com
domain,helpukrainekids.org
domain,ukrainianproducts.de
domain,worldhelpsukraine.com
domain,ukrainehilfe-neulengbach.at
domain,ukraineeternalland.com
domain,fencersforukraine.de
domain,ukrainepfa.org
domain,seeds4ukraine.com
domain,saveourukraine.com
domain,ukraine-x.com
domain,ukrainianuprising.com
domain,ukraineclaim.com
domain,ukraine-win.com
domain,save1ukraine.com
domain,ukraine-bericht.de
domain,culture-ukraine.info
domain,givehopeukraine.com
domain,ukrainiansinbulgaria.eu
domain,donateforukrainenow.com
domain,ukrainelive.co
domain,artistsforukraine.nl
domain,restartukraine.com
domain,ukrainepravda.com
domain,ukrainerosie.com
domain,ukraineunitesus.com
domain,ukrainepenpal.com
domain,ukrainians-in-berlin.com
domain,ukraineplans.com
domain,fiveforukraine.org
domain,helpukrainerefugees.org
domain,loveukraine.co.uk
domain,toukrainewithlove.co.uk
domain,stop-war-in-ukraine.com.ua
domain,ukraineforward.org
domain,nowarinukraine.net
domain,ukrainianbabaseeds.rip
domain,411ukraine.com
domain,saveukrainetshirts.com
domain,22ukraine.com
domain,aidukrainenow.com
domain,forzaukraine.com
domain,great-ukraine.com
domain,homesforukraine.com
domain,lettersfromukraine.com
domain,pray4ukraine.team
domain,worldwithukraine.net
domain,freedomsquareukraine.net
domain,ukrainesupportshop.com
domain,ukraineupdates.net
domain,ukrainehilfe-bischoffen.de
domain,insolidaritywithukraine.com
domain,infoukraine.be
domain,playforukraine.com
domain,dinewithukraineatx.com
domain,donationforukraine.com
domain,literaryukraine.com
domain,nl4ukraine.org
domain,dinewithukraine.com
domain,helpukrainetees.com
domain,die-ukraine-helfen.de
domain,tshirtforukraine.eu
domain,haustier-info-ukraine.de
domain,blackforeignersinukraine.com
domain,kidsforukraine.com
domain,ukrainerosie.org
domain,helplifeinukraine.online
domain,ukrainelifeline.org
domain,jesoutienslukraine.fr
domain,sciencesupportsukraine.com
domain,ukrainerebuilt.com
domain,ukrainiandigitalworkforce.eu
domain,biz4ukraine.com
domain,chicagostandswithukraine.com
domain,hireremoteukrainians.com
domain,wwwukrainelifeline.com
domain,wehelpukraine.lt
domain,ukrainepress.ca
domain,voicesfromukraine.de
domain,ukrainecollective.org
domain,alltogetherwithukraine.com
domain,forukrainewithlove.com
domain,ukrainehilfe24.de
domain,motherstearsukraine2022.com
domain,sosanimals-ukraine.com
domain,philosophersforukraine.com
domain,seedsforukraine.com
domain,ukrainefight.com
domain,westandwithyouukraine.com
domain,freedomukraine.org
domain,intoukrainian.in.ua
domain,beatsforukraine.com
domain,givetoukraine.com
domain,now-in-ukraine.com
domain,supportukraine.global
domain,helpukrainiankids.com
domain,ukraine-info.be
domain,howcanihelpukraine.org
domain,freundederukraine.de
domain,geeks4ukraine.com
domain,helpukrainecitizens.com
domain,support-ukrainian-people.com
domain,ukraine-resists.com
domain,ukraine-ex.com
domain,aid-ukraine.eu
domain,naukraine.pl
domain,donation4ukraine.com
domain,guardianofukraine.com
domain,ukrainealliance.com
domain,ukrainiansauce.com
domain,ukrainereliefmission.com
domain,unitingforukraine.com
domain,pravdaukraine.com
domain,ukrainehilfstransporte.de
domain,artistshelp-ukraine.at
domain,bleedingukraine.com
domain,ukrainedefencecoin.com
domain,zurichhelpsukraine.ch
domain,rebuildukraine.help
domain,helpsaveukraine.online
domain,supportukraine.tk
domain,spendenbruecke-ukraine.de
domain,crowdfundingforukraine.com
domain,supportcrsordonatedonateukraine.com
domain,hackforukraine.com
domain,standwithpeopleofukraine.com
domain,ukrainianbookclub.com
domain,ukraineweddings.com
domain,ukrainedeephelp.com
domain,energy4ukraine.com
domain,saveukraine.digital
domain,embraceukraine.com
domain,ukrainemutual.de
domain,ukrainealert.com
domain,xn--dresden-fr-ukraine-u6b.de
domain,donateukraine.support
domain,patchforukraine.com
domain,standwithwukraine.com
domain,istandwithukraineclub.com
domain,podcasters4ukraine.com
domain,ukrainetoturkey.com
domain,ukraineinspain.org
domain,ukraine-hilfe.jetzt
domain,actionsforukraine.com
domain,razzomforukraine.org
domain,ukrainewelfare.com
domain,poland4ukraine.org.pl
domain,nukrainian.com
domain,rallyforukraine.com
domain,ukrainemosaic.com
domain,laxforukraine.net
domain,saveukraine.city
domain,worldhelpukraine.com
domain,supportukrainenowupperaustria.at
domain,ukrainerjobs.de
domain,ukraine.id
domain,ees-help-ukraine.eu
domain,lets-support-ukrainians.de
domain,handsoffukraine.co.uk
domain,weareukraine.cz
domain,standwithukraine.at
domain,charlieinukraine.com
domain,helpukrainenow.today
domain,sauverukraine.com
domain,sunflowersukraine.com
domain,ukrainerug.com
domain,ukraineclaims.com
domain,wereukraine.com
domain,saveukraine.gq
domain,laxforukraine.org
domain,tshirtforukraine.ee
domain,worldforukraine.com
domain,sosukraines.com
domain,united-ukraine.com
domain,saveukrainianfreedom.info
domain,peacecoinukrainerelieffund.com
domain,thatisukraine.com
domain,ukraine-rebuild.com
domain,ukrainianglory.com
domain,ukraineunify.com
domain,ukrainedonors.com
domain,flowersforukraine.com
domain,ukrainiansneedyourhelp.org
domain,ukrainebit.com
domain,wehelpukraine.pt
domain,donateukraine.cloud
domain,weareukraine.co.uk
domain,helpforukraineislington.co.uk
domain,weareukraine.pl
domain,endthepaininukraine.com
domain,ukrainebracelet.com
domain,wearekukraine.com
domain,sosukraines.org
domain,madeinukraine.de
domain,saveukrainianchildren.info
domain,donateukrainenet.com
domain,save-ukraine-together.site
domain,wereukraine.ch
domain,armed-forces-of-ukraine.com.ua
domain,freeukraine.com.ua
domain,ukraine-institute.org
domain,endthepaininukraine.org
domain,spainwithukraine.com
domain,rebuildingukraine.info
domain,sosanimal-ukraine.com
domain,solidarite-ukraine-hauts-de-seine.com
domain,ukrainepunks.com
domain,ukrainianfdi.com
domain,ukrainetonato.com
domain,ukrainebase.com
domain,weareallukraine.com
domain,ukrainecryptogofundme.org
domain,ukrainewarsupport.com
domain,safelivesukraine.info
domain,ukrainedonatelinks.com
domain,ukrainians.pro
domain,ukrainevolunteer.com
domain,help-ukraine.co.uk
domain,ukrainedonate.co.uk
domain,westandwithsupportukraine.tk
domain,ukrainer-in-berlin.de
domain,shelterukraine.pl
domain,stop-warukraine.info
domain,saveukrainianstogether.com
domain,ukrainemedicalrelieffund.com
domain,ukrainedefensefoundation.com
domain,ukrainianbookclubs.com
domain,laxforukraine.com
domain,nowarinukraine.info
domain,ukrainelink.co.uk
domain,supportukraine2022.com
domain,weareukraine.at
domain,m-ukraine.com
domain,ukraineinspain.com
domain,walktohelpukraine.com
domain,appealukrainegofundme.com
domain,glorytoukraine.com.pl
domain,ukraineinmind.com
domain,ukrainianconflict.info
domain,ukrainechain.com
domain,kyffhaeuser-fuer-ukraine.de
domain,ukrainelife.co
domain,helpsaveukraine.us
domain,peacecoinukraineaid.com
domain,reconstructingukraine.com
domain,ukraine-bonn.eu
domain,ukrainecamgirls.com
domain,we-are-ukraine.com
domain,ukraine-sos.org
domain,staywithukraine.com.ua
domain,ukrainedefenders.org
domain,ukrainianrelief.org
domain,stjavelinofukraine.com
domain,athletes-for-ukraine.de
domain,artistforukraine.nl
domain,helpforukraine.space
domain,armysosukraine.ie
domain,ukraine-advice.co.uk
domain,pose4ukraine.org
domain,pray-for-ukraine.org
domain,helpukrainenow.nl
domain,ukraineprayers.com
domain,playgamestoaidukraine.com
domain,euforukraine.org
domain,rebuildingukraine.net
domain,ukrainetoken.io
domain,donate-to-ukraine.today
domain,stop-war-in-ukraine-2022.com.ua
domain,sosukraine.net
domain,support-ukraine.cloud
domain,ukrainiangirl.org
domain,stop-war-help-ukraine.org.ua
domain,ukraine-online.com.ua
domain,globallogicukraine.com
domain,ukrainewestand.com
domain,xn--skanderborg-hjlper-ukraine-djc.dk
domain,protectukraine.net
domain,walktohelpukraine.org
domain,sosukraine.africa
